County,State,BlackStops,BlackStopRate,BlackSearchRate,WhiteStops,WhiteStopRate,WhiteSearchRate,HispanicStops,HispanicStopRate,HispanicSearchRate
APACHE COUNTY,AZ,266,0.995,0.077,6322,0.431,0.017,1008,0.262,0.053
COCHISE COUNTY,AZ,1169,0.23,0.047,10826,0.145,0.024,9453,0.259,0.037
COCONINO COUNTY,AZ,1179,0.708,0.068,17163,0.226,0.023,3198,0.198,0.061
GILA COUNTY,AZ,229,0.825,0.037,10830,0.29,0.014,1494,0.168,0.038
GRAHAM COUNTY,AZ,125,0.161,0.08,4050,0.205,0.04,1439,0.133,0.072
GREENLEE COUNTY,AZ,25,0.35,0.05,732,0.178,0.021,318,0.106,0.022
LA PAZ COUNTY,AZ,719,5.279,0.048,6387,0.488,0.02,2842,0.723,0.036
MARICOPA COUNTY,AZ,12103,0.075,0.082,92877,0.045,0.04,33509,0.038,0.101
MOHAVE COUNTY,AZ,1204,0.534,0.084,15044,0.092,0.038,3043,0.11,0.068
NAVAJO COUNTY,AZ,695,0.696,0.103,12946,0.282,0.032,2088,0.208,0.081
PIMA COUNTY,AZ,2113,0.067,0.07,19703,0.036,0.034,15610,0.051,0.082
PINAL COUNTY,AZ,1936,0.118,0.068,19451,0.09,0.027,11871,0.124,0.081
SANTA CRUZ COUNTY,AZ,99,0.733,0.027,1345,0.175,0.02,6092,0.185,0.039
YAVAPAI COUNTY,AZ,1422,1.07,0.065,23424,0.134,0.027,4635,0.189,0.076
YUMA COUNTY,AZ,740,0.205,0.024,8065,0.125,0.014,6736,0.068,0.022
ALAMEDA COUNTY,CA,42735,0.287,0.067,84391,0.185,0.022,60119,0.232,0.051
ALPINE COUNTY,CA,249,83,0.045,10336,15.621,0.029,1208,18.6,0.044
AMADOR COUNTY,CA,303,0.412,0.032,9516,0.366,0.018,1137,0.303,0.05
BUTTE COUNTY,CA,930,0.359,0.051,24936,0.178,0.036,3414,0.142,0.048
CALAVERAS COUNTY,CA,196,0.635,0.033,10962,0.343,0.027,887,0.239,0.042
COLUSA COUNTY,CA,600,3.903,0.038,9515,1.394,0.019,2938,0.352,0.04
CONTRA COSTA COUNTY,CA,10857,0.141,0.043,24847,0.058,0.026,11097,0.057,0.052
DEL NORTE COUNTY,CA,102,0.108,0.026,8497,0.568,0.025,590,0.148,0.049
EL DORADO COUNTY,CA,509,0.437,0.043,19473,0.161,0.036,1560,0.099,0.06
FRESNO COUNTY,CA,4629,0.137,0.057,30180,0.119,0.031,42985,0.128,0.081
GLENN COUNTY,CA,503,3.048,0.033,10435,0.835,0.016,2650,0.355,0.043
HUMBOLDT COUNTY,CA,454,0.354,0.067,15179,0.173,0.057,988,0.099,0.092
IMPERIAL COUNTY,CA,2768,0.649,0.019,20036,1.049,0.011,50324,0.476,0.017
INYO COUNTY,CA,374,3.431,0.028,12140,1.16,0.02,2257,0.902,0.035
KERN COUNTY,CA,13753,0.398,0.035,78385,0.3,0.025,81769,0.275,0.039
KINGS COUNTY,CA,1285,0.156,0.046,9514,0.223,0.023,11080,0.201,0.05
LAKE COUNTY,CA,328,0.335,0.069,8961,0.223,0.051,1364,0.17,0.085
LASSEN COUNTY,CA,385,0.144,0.03,14537,0.799,0.017,1009,0.199,0.028
LOS ANGELES COUNTY,CA,102031,0.152,0.038,225057,0.095,0.022,369842,0.104,0.046
MADERA COUNTY,CA,883,0.206,0.046,12787,0.268,0.038,9630,0.167,0.068
MARIN COUNTY,CA,2658,0.461,0.043,34500,0.218,0.022,6758,0.231,0.067
MARIPOSA COUNTY,CA,76,0.539,0.039,4868,0.384,0.014,565,0.43,0.028
MENDOCINO COUNTY,CA,910,1.888,0.067,29014,0.572,0.041,4425,0.322,0.07
MERCED COUNTY,CA,3430,0.51,0.035,23061,0.35,0.018,26605,0.263,0.059
MODOC COUNTY,CA,77,0.962,0.044,5008,0.826,0.014,384,0.407,0.026
MONO COUNTY,CA,281,3.903,0.026,10244,1.233,0.014,1708,0.657,0.022
MONTEREY COUNTY,CA,2383,0.24,0.036,29525,0.25,0.022,27746,0.165,0.063
NAPA COUNTY,CA,807,0.365,0.039,15582,0.234,0.032,5796,0.177,0.08
NEVADA COUNTY,CA,911,2.706,0.027,20528,0.281,0.025,2127,0.336,0.023
ORANGE COUNTY,CA,10736,0.267,0.033,96689,0.085,0.022,65436,0.086,0.051
PLACER COUNTY,CA,871,0.207,0.037,18999,0.084,0.021,2122,0.062,0.046
PLUMAS COUNTY,CA,216,1.584,0.042,8361,0.603,0.032,497,0.429,0.047
RIVERSIDE COUNTY,CA,15923,0.147,0.033,59115,0.08,0.026,69818,0.093,0.042
SACRAMENTO COUNTY,CA,23191,0.209,0.064,86987,0.15,0.036,26356,0.117,0.068
SAN BENITO COUNTY,CA,2560,7.134,0.017,22477,1.264,0.015,28332,1.206,0.031
SAN BERNARDINO COUNTY,CA,28258,0.211,0.034,115202,0.209,0.023,96100,0.128,0.04
SAN DIEGO COUNTY,CA,24520,0.199,0.039,153500,0.118,0.028,152868,0.2,0.034
SAN FRANCISCO COUNTY,CA,7949,0.203,0.055,25132,0.079,0.027,9480,0.09,0.064
SAN JOAQUIN COUNTY,CA,8012,0.213,0.072,32299,0.157,0.042,24374,0.127,0.084
SAN LUIS OBISPO COUNTY,CA,1048,0.22,0.04,28912,0.172,0.029,9551,0.22,0.07
SAN MATEO COUNTY,CA,3605,0.226,0.041,30325,0.116,0.021,13799,0.099,0.063
SANTA CLARA COUNTY,CA,4723,0.129,0.032,34870,0.065,0.018,26953,0.076,0.049
SANTA CRUZ COUNTY,CA,887,0.412,0.054,27486,0.2,0.037,10317,0.164,0.077
SHASTA COUNTY,CA,920,0.778,0.034,37472,0.309,0.028,4547,0.406,0.044
SIERRA COUNTY,CA,1209,201.5,0.027,19896,8.678,0.019,3535,16.005,0.031
SOLANO COUNTY,CA,11714,0.243,0.048,35976,0.247,0.018,16960,0.227,0.036
SONOMA COUNTY,CA,1910,0.322,0.056,38897,0.139,0.032,10906,0.123,0.078
STANISLAUS COUNTY,CA,2117,0.206,0.056,19479,0.099,0.039,16492,0.106,0.08
SUTTER COUNTY,CA,1259,0.864,0.043,15471,0.407,0.031,4440,0.235,0.053
TEHAMA COUNTY,CA,1239,3.884,0.013,19041,0.516,0.019,7106,0.729,0.02
TRINITY COUNTY,CA,87,1.706,0.166,5936,0.617,0.041,211,0.299,0.085
TULARE COUNTY,CA,1458,0.335,0.05,19505,0.169,0.032,35011,0.187,0.085
TUOLUMNE COUNTY,CA,186,0.184,0.044,12987,0.34,0.043,1540,0.326,0.051
YOLO COUNTY,CA,1767,0.441,0.042,11265,0.132,0.021,4270,0.093,0.056
ADAMS COUNTY,CO,791,0.077,0.005,13800,0.069,0.003,5913,0.048,0.003
ALAMOSA COUNTY,CO,80,0.506,0.017,2951,0.447,0.004,1598,0.296,0.009
ARAPAHOE COUNTY,CO,1481,0.032,0.005,8631,0.027,0.003,1610,0.021,0.004
ARCHULETA COUNTY,CO,25,0.758,0,3670,0.449,0.002,354,0.219,0.005
BACA COUNTY,CO,79,4.158,0.003,986,0.369,0.001,254,1.054,0
BENT COUNTY,CO,31,0.077,0,876,0.294,0,255,0.169,0.002
BOULDER COUNTY,CO,200,0.09,0.002,9658,0.047,0.002,1114,0.039,0.004
BROOMFIELD COUNTY,CO,11,0.02,0,424,0.011,0.003,57,0.011,0
CHAFFEE COUNTY,CO,51,0.188,0.004,5132,0.378,0.002,323,0.213,0.007
CHEYENNE COUNTY,CO,19,2.375,0,397,0.315,0,82,0.547,0.002
CLEAR CREEK COUNTY,CO,175,3.241,0.002,5931,0.824,0.005,566,1.45,0.017
CONEJOS COUNTY,CO,18,1.385,0,1228,0.464,0.003,962,0.278,0.005
COSTILLA COUNTY,CO,39,3.25,0.015,1432,1.405,0.002,639,0.345,0.004
CROWLEY COUNTY,CO,9,0.017,0,430,0.157,0.001,106,0.074,0
CUSTER COUNTY,CO,2,0.051,0,87,0.025,0,6,0.031,0
DELTA COUNTY,CO,40,0.265,0.005,4976,0.239,0.003,614,0.199,0.004
DENVER COUNTY,CO,54,0.001,0,320,0.001,0.002,146,0.001,0.015
DOLORES COUNTY,CO,8,2,0,432,0.291,0.001,42,0.656,0.005
DOUGLAS COUNTY,CO,537,0.189,0.005,9401,0.048,0.001,1087,0.064,0.002
EAGLE COUNTY,CO,282,0.976,0.013,8863,0.3,0.004,1983,0.183,0.005
ELBERT COUNTY,CO,104,0.794,0.008,1423,0.081,0.003,143,0.138,0.007
EL PASO COUNTY,CO,2387,0.079,0.005,21873,0.058,0.002,2367,0.034,0.005
FREMONT COUNTY,CO,94,0.053,0,4352,0.137,0.002,342,0.068,0.001
GARFIELD COUNTY,CO,164,0.732,0.022,7599,0.238,0.003,1960,0.188,0.004
GILPIN COUNTY,CO,76,2,0.01,1212,0.283,0.004,278,1.069,0.008
GRAND COUNTY,CO,46,0.885,0,3873,0.355,0.002,230,0.304,0.004
GUNNISON COUNTY,CO,33,0.516,0.006,3847,0.331,0.002,168,0.173,0.005
HUERFANO COUNTY,CO,143,4.931,0.013,2802,0.777,0.004,1071,0.604,0.007
JEFFERSON COUNTY,CO,652,0.147,0.007,22083,0.06,0.003,2369,0.04,0.006
KIOWA COUNTY,CO,67,13.4,0,949,0.878,0.001,222,3.7,0
KIT CARSON COUNTY,CO,143,0.935,0.003,1723,0.34,0.004,208,0.206,0.008
LAKE COUNTY,CO,7,0.333,0,633,0.169,0.005,178,0.094,0
LA PLATA COUNTY,CO,68,0.382,0.012,7680,0.215,0.003,689,0.147,0.004
LARIMER COUNTY,CO,360,0.164,0.008,13605,0.061,0.004,1559,0.065,0.008
LAS ANIMAS COUNTY,CO,186,1.028,0.003,4398,0.657,0.001,1462,0.308,0.005
LINCOLN COUNTY,CO,185,0.685,0.021,2098,0.595,0.007,288,0.481,0.028
LOGAN COUNTY,CO,254,0.362,0.013,4887,0.339,0.004,567,0.224,0.018
MESA COUNTY,CO,257,0.347,0.02,14206,0.143,0.003,1606,0.115,0.016
MINERAL COUNTY,CO,55,27.5,0,2481,4.164,0.001,182,8.667,0.003
MOFFAT COUNTY,CO,17,0.472,0.023,3048,0.358,0.007,201,0.162,0.02
MONTEZUMA COUNTY,CO,50,0.909,0.016,2742,0.173,0.003,301,0.144,0.009
MONTROSE COUNTY,CO,40,0.342,0.005,5205,0.199,0.004,760,0.139,0.008
MORGAN COUNTY,CO,266,0.521,0.033,4282,0.303,0.008,1117,0.17,0.011
OTERO COUNTY,CO,80,0.769,0,2815,0.328,0,1219,0.222,0.001
OURAY COUNTY,CO,12,3,0,2123,0.584,0.001,149,0.851,0.004
PARK COUNTY,CO,73,1.014,0.005,6157,0.489,0.002,180,0.266,0.002
PHILLIPS COUNTY,CO,1,0.077,0,211,0.076,0.002,47,0.083,0
PITKIN COUNTY,CO,6,0.066,0,584,0.045,0.002,128,0.1,0
PROWERS COUNTY,CO,181,3.121,0.004,2991,0.483,0.001,898,0.307,0.003
PUEBLO COUNTY,CO,371,0.159,0.01,8635,0.119,0.003,3192,0.064,0.01
RIO BLANCO COUNTY,CO,17,0.288,0,1801,0.402,0.006,116,0.229,0.002
RIO GRANDE COUNTY,CO,46,1.484,0.004,2831,0.544,0.001,968,0.256,0.004
ROUTT COUNTY,CO,54,0.545,0.004,4919,0.275,0.003,286,0.252,0.008
SAGUACHE COUNTY,CO,21,1.312,0,1301,0.429,0.001,230,0.133,0.003
SAN JUAN COUNTY,CO,1,1,0,28,0.054,0.007,1,0.012,0
SAN MIGUEL COUNTY,CO,4,0.148,0,560,0.099,0.001,43,0.082,0
SEDGWICK COUNTY,CO,23,2.556,0,449,0.272,0.002,48,0.189,0.004
SUMMIT COUNTY,CO,200,0.98,0.008,5356,0.256,0.002,643,0.217,0.009
TELLER COUNTY,CO,60,0.522,0.007,1873,0.105,0.005,120,0.118,0.003
WASHINGTON COUNTY,CO,43,1.303,0.014,2082,0.597,0.001,265,0.866,0.002
WELD COUNTY,CO,481,0.254,0.015,12416,0.086,0.007,3009,0.058,0.012
YUMA COUNTY,CO,12,0.706,0,1500,0.237,0,222,0.163,0.003
FAIRFIELD COUNTY,CT,5047,0.069,0.032,17659,0.039,0.014,4709,0.04,0.021
HARTFORD COUNTY,CT,5141,0.062,0.039,17650,0.039,0.013,3280,0.032,0.043
LITCHFIELD COUNTY,CT,859,0.453,0.036,16213,0.127,0.017,1127,0.175,0.04
MIDDLESEX COUNTY,CT,2387,0.395,0.021,20200,0.182,0.007,1796,0.275,0.012
NEW HAVEN COUNTY,CT,5637,0.074,0.033,22464,0.051,0.013,4678,0.05,0.035
NEW LONDON COUNTY,CT,3031,0.27,0.03,25107,0.156,0.015,2183,0.126,0.032
TOLLAND COUNTY,CT,2081,0.569,0.029,25722,0.256,0.012,1752,0.34,0.037
WINDHAM COUNTY,CT,811,0.513,0.037,16675,0.22,0.013,1264,0.151,0.032
ALACHUA COUNTY,FL,3416,0.088,0.022,8810,0.064,0.007,1238,0.067,0.021
BAKER COUNTY,FL,1091,0.375,0.003,3010,0.174,0.001,176,0.391,0.005
BAY COUNTY,FL,2191,0.152,0.007,12208,0.107,0.003,392,0.058,0.005
BRADFORD COUNTY,FL,236,0.054,0.002,965,0.058,0,62,0.075,0.004
BREVARD COUNTY,FL,1535,0.037,0.015,6839,0.019,0.006,1298,0.035,0.011
BROWARD COUNTY,FL,14924,0.04,0.006,23641,0.037,0.003,18472,0.047,0.004
CALHOUN COUNTY,FL,150,0.089,0.001,788,0.086,0.001,31,0.051,0.007
CHARLOTTE COUNTY,FL,613,0.08,0.028,3909,0.031,0.007,1011,0.123,0.012
CITRUS COUNTY,FL,148,0.047,0.005,3206,0.029,0.002,130,0.024,0.003
CLAY COUNTY,FL,580,0.039,0.008,2916,0.024,0.002,275,0.022,0.002
COLLIER COUNTY,FL,2879,0.177,0.023,9507,0.048,0.008,6347,0.097,0.012
COLUMBIA COUNTY,FL,2745,0.288,0.018,6796,0.166,0.008,907,0.335,0.021
DESOTO COUNTY,FL,665,0.184,0.001,3888,0.233,0.001,895,0.116,0
DIXIE COUNTY,FL,273,0.231,0,2794,0.244,0.001,99,0.227,0
DUVAL COUNTY,FL,8438,0.044,0.018,16976,0.041,0.005,1893,0.035,0.006
ESCAMBIA COUNTY,FL,3187,0.062,0.003,9660,0.057,0.002,449,0.037,0.003
FLAGLER COUNTY,FL,759,0.089,0.013,2335,0.036,0.003,451,0.061,0.008
FRANKLIN COUNTY,FL,163,0.112,0.013,1769,0.227,0.004,38,0.078,0
GADSDEN COUNTY,FL,5252,0.268,0.006,7337,0.533,0.002,1190,0.385,0.008
GILCHRIST COUNTY,FL,46,0.062,0.013,676,0.055,0.005,27,0.043,0
GLADES COUNTY,FL,204,0.14,0.011,741,0.102,0.004,442,0.215,0.007
GULF COUNTY,FL,52,0.02,0,384,0.038,0,5,0.008,0
HAMILTON COUNTY,FL,1349,0.338,0.01,2589,0.383,0.004,384,0.41,0.011
HARDEE COUNTY,FL,223,0.15,0.004,1473,0.133,0.001,548,0.07,0.002
HENDRY COUNTY,FL,496,0.144,0.005,1951,0.179,0.002,1339,0.098,0.003
HERNANDO COUNTY,FL,855,0.129,0.01,11319,0.094,0.004,1024,0.069,0.007
HIGHLANDS COUNTY,FL,985,0.143,0.006,4497,0.074,0.002,1609,0.124,0.002
HILLSBOROUGH COUNTY,FL,4312,0.028,0.011,16347,0.029,0.005,5268,0.021,0.008
HOLMES COUNTY,FL,609,0.54,0.012,2398,0.17,0.011,276,0.711,0.015
INDIAN RIVER COUNTY,FL,1375,0.148,0.006,4489,0.047,0.002,1399,0.118,0.003
JACKSON COUNTY,FL,1470,0.137,0.012,4245,0.156,0.007,437,0.237,0.028
JEFFERSON COUNTY,FL,1399,0.345,0.009,3009,0.415,0.005,324,0.762,0.016
LAFAYETTE COUNTY,FL,94,0.079,0.002,506,0.099,0,53,0.065,0
LAKE COUNTY,FL,2395,0.105,0.008,10339,0.053,0.004,2435,0.082,0.007
LEE COUNTY,FL,2058,0.053,0.022,11221,0.028,0.008,4015,0.044,0.013
LEON COUNTY,FL,7836,0.115,0.01,13966,0.1,0.006,1317,0.095,0.007
LEVY COUNTY,FL,352,0.125,0.013,2386,0.089,0.002,162,0.071,0.006
LIBERTY COUNTY,FL,223,0.16,0.004,810,0.166,0.003,47,0.109,0.013
MADISON COUNTY,FL,2291,0.399,0.011,4325,0.5,0.006,877,1.218,0.014
MANATEE COUNTY,FL,1575,0.072,0.012,7434,0.034,0.002,1799,0.051,0.004
MARION COUNTY,FL,2327,0.073,0.009,8097,0.038,0.005,1539,0.054,0.008
MARTIN COUNTY,FL,2875,0.454,0.003,7410,0.07,0.002,3241,0.241,0.003
MIAMI-DADE COUNTY,FL,12379,0.036,0.009,12002,0.037,0.004,49938,0.035,0.004
MONROE COUNTY,FL,943,0.264,0.009,8472,0.179,0.003,3568,0.272,0.004
NASSAU COUNTY,FL,802,0.21,0.013,3148,0.057,0.023,299,0.149,0.014
OKALOOSA COUNTY,FL,1336,0.097,0.007,8005,0.067,0.005,555,0.051,0.019
OKEECHOBEE COUNTY,FL,336,0.127,0.01,1263,0.059,0.005,595,0.089,0.007
ORANGE COUNTY,FL,10717,0.058,0.007,28415,0.062,0.003,14304,0.053,0.004
OSCEOLA COUNTY,FL,3640,0.167,0.005,10534,0.115,0.001,8699,0.079,0.002
PALM BEACH COUNTY,FL,15956,0.087,0.005,34084,0.049,0.003,15790,0.075,0.005
PASCO COUNTY,FL,914,0.053,0.011,8381,0.027,0.01,1366,0.03,0.012
PINELLAS COUNTY,FL,1836,0.025,0.02,9143,0.015,0.006,1214,0.02,0.008
POLK COUNTY,FL,4208,0.062,0.01,17873,0.054,0.004,4266,0.051,0.008
PUTNAM COUNTY,FL,880,0.102,0.025,3415,0.077,0.006,250,0.055,0.012
ST. JOHNS COUNTY,FL,1606,0.185,0.024,5623,0.039,0.004,814,0.087,0.008
ST. LUCIE COUNTY,FL,6005,0.146,0.006,15045,0.1,0.003,7681,0.214,0.003
SANTA ROSA COUNTY,FL,906,0.111,0.002,7901,0.073,0.002,337,0.058,0.008
SARASOTA COUNTY,FL,1002,0.073,0.009,8297,0.028,0.002,1494,0.061,0.004
SEMINOLE COUNTY,FL,1373,0.038,0.004,5938,0.025,0.003,1666,0.027,0.005
SUMTER COUNTY,FL,995,0.129,0.026,4201,0.049,0.01,775,0.153,0.024
SUWANNEE COUNTY,FL,1079,0.236,0.012,2550,0.093,0.005,378,0.144,0.018
TAYLOR COUNTY,FL,422,0.11,0.008,2424,0.177,0.006,106,0.139,0.014
UNION COUNTY,FL,219,0.073,0.002,984,0.113,0.002,36,0.055,0
VOLUSIA COUNTY,FL,2100,0.053,0.023,8654,0.027,0.008,1582,0.035,0.021
WAKULLA COUNTY,FL,632,0.163,0.008,4344,0.218,0.004,96,0.106,0.011
WALTON COUNTY,FL,403,0.151,0.005,2922,0.07,0.002,209,0.086,0.011
WASHINGTON COUNTY,FL,529,0.172,0.021,2292,0.144,0.01,235,0.392,0.033
ILLINOIS STATE POLICE 01,IL,724,0.272,0.033,8928,0.078,0.01,768,0.081,0.023
ILLINOIS STATE POLICE 02,IL,2490,0.025,0.063,8611,0.006,0.02,3204,0.01,0.067
ILLINOIS STATE POLICE 03,IL,15828,0.016,0.099,12492,0.006,0.035,6133,0.007,0.093
ILLINOIS STATE POLICE 05,IL,2988,0.047,0.049,9539,0.021,0.029,1733,0.019,0.048
ILLINOIS STATE POLICE 06,IL,1990,0.179,0.082,7251,0.047,0.026,726,0.107,0.061
ILLINOIS STATE POLICE 07,IL,1191,0.087,0.056,9347,0.052,0.021,642,0.04,0.056
ILLINOIS STATE POLICE 08,IL,1943,0.079,0.078,9496,0.037,0.023,363,0.045,0.046
ILLINOIS STATE POLICE 09,IL,2987,0.137,0.085,11837,0.05,0.034,649,0.103,0.086
ILLINOIS STATE POLICE 10,IL,2725,0.065,0.062,9929,0.028,0.021,597,0.042,0.061
ILLINOIS STATE POLICE 11,IL,4830,0.062,0.067,12695,0.032,0.021,564,0.042,0.121
ILLINOIS STATE POLICE 12,IL,1875,0.385,0.09,12517,0.084,0.038,478,0.191,0.095
ILLINOIS STATE POLICE 13,IL,1807,0.111,0.068,12581,0.064,0.025,394,0.074,0.084
ILLINOIS STATE POLICE 14,IL,473,0.162,0.109,6173,0.073,0.038,178,0.065,0.092
ILLINOIS STATE POLICE 16,IL,1288,0.044,0.073,8103,0.032,0.018,717,0.024,0.064
ILLINOIS STATE POLICE 17,IL,990,0.426,0.104,7066,0.064,0.04,708,0.083,0.083
ILLINOIS STATE POLICE 18,IL,847,0.646,0.079,6740,0.074,0.025,238,0.239,0.085
ILLINOIS STATE POLICE 19,IL,424,0.438,0.039,10202,0.15,0.018,106,0.127,0.024
ILLINOIS STATE POLICE 20,IL,527,0.152,0.063,7856,0.102,0.021,183,0.143,0.039
ILLINOIS STATE POLICE 21,IL,2585,0.204,0.061,5210,0.053,0.015,714,0.086,0.049
ILLINOIS STATE POLICE 22,IL,1327,0.237,0.045,6962,0.148,0.02,284,0.202,0.072
BARNSTABLE COUNTY,MA,614,0.159,0.032,9235,0.054,0.012,230,0.06,0.021
BERKSHIRE COUNTY,MA,720,0.272,0.026,11338,0.114,0.008,395,0.112,0.01
BRISTOL COUNTY,MA,2296,0.147,0.026,15490,0.039,0.013,1747,0.071,0.026
DUKES COUNTY,MA,17,0.035,0,238,0.019,0.005,4,0.011,0
ESSEX COUNTY,MA,1961,0.115,0.028,23694,0.05,0.015,4118,0.042,0.037
FRANKLIN COUNTY,MA,402,0.645,0.023,8949,0.161,0.009,444,0.26,0.024
HAMPDEN COUNTY,MA,4476,0.159,0.02,28620,0.11,0.01,7680,0.106,0.024
HAMPSHIRE COUNTY,MA,423,0.122,0.021,7089,0.06,0.01,507,0.082,0.028
MIDDLESEX COUNTY,MA,5585,0.095,0.013,44375,0.045,0.008,5663,0.069,0.017
NANTUCKET COUNTY,MA,54,0.083,0,421,0.061,0.001,72,0.088,0.003
NORFOLK COUNTY,MA,5164,0.156,0.014,18763,0.042,0.009,2338,0.121,0.022
PLYMOUTH COUNTY,MA,2121,0.062,0.029,13844,0.04,0.011,876,0.071,0.031
SUFFOLK COUNTY,MA,10066,0.08,0.012,38109,0.119,0.006,6846,0.056,0.021
WORCESTER COUNTY,MA,6193,0.249,0.022,55430,0.104,0.011,7397,0.129,0.029
BEAVERHEAD COUNTY,MT,13,0.361,0.015,925,0.128,0,22,0.082,0
BIG HORN COUNTY,MT,35,1.346,0.006,1077,0.334,0,51,0.133,0
BLAINE COUNTY,MT,11,1.222,0.074,743,0.296,0.002,8,0.093,0.024
BROADWATER COUNTY,MT,13,0.867,0,1581,0.359,0.001,15,0.147,0
CARBON COUNTY,MT,8,0.222,0,964,0.117,0.001,202,1.135,0
CARTER COUNTY,MT,1,1,0,26,0.034,0,1,0.143,0
CASCADE COUNTY,MT,136,0.145,0.003,7565,0.131,0.001,103,0.048,0.002
CHOUTEAU COUNTY,MT,11,2.2,0,1186,0.326,0.001,16,0.213,0.012
CUSTER COUNTY,MT,60,1.875,0.023,3652,0.403,0.003,126,0.578,0.019
DANIELS COUNTY,MT,2,0.5,0,231,0.167,0,1,0.04,0
DAWSON COUNTY,MT,61,2.103,0.036,3013,0.426,0.005,158,0.969,0.021
DEER LODGE COUNTY,MT,39,1.182,0,2729,0.378,0.001,41,0.193,0
FALLON COUNTY,MT,0,0,0,129,0.057,0,5,0.143,0
FERGUS COUNTY,MT,8,0.364,0,976,0.109,0.008,11,0.066,0.054
FLATHEAD COUNTY,MT,26,0.117,0.008,9484,0.135,0.002,67,0.04,0.003
GALLATIN COUNTY,MT,79,0.26,0.013,8870,0.123,0.003,153,0.075,0.024
GARFIELD COUNTY,MT,4,2,0,271,0.269,0,1,0.143,0
GLACIER COUNTY,MT,4,0.182,0,964,0.278,0.001,10,0.048,0
GOLDEN VALLEY COUNTY,MT,2,2,0,183,0.281,0.001,4,0.167,0
GRANITE COUNTY,MT,8,0.667,0,674,0.259,0.001,14,0.341,0.014
HILL COUNTY,MT,23,0.523,0.06,2179,0.23,0.001,23,0.074,0.009
JEFFERSON COUNTY,MT,25,0.893,0.016,2032,0.229,0.003,31,0.172,0.006
JUDITH BASIN COUNTY,MT,12,6,0.017,774,0.481,0.005,11,0.458,0
LAKE COUNTY,MT,19,0.244,0.021,2851,0.175,0.013,29,0.04,0.034
LEWIS AND CLARK COUNTY,MT,32,0.131,0,5220,0.107,0.002,61,0.049,0.007
LIBERTY COUNTY,MT,2,0.5,0,268,0.142,0,4,0.286,0
LINCOLN COUNTY,MT,9,0.25,0,2411,0.158,0.001,23,0.063,0
MCCONE COUNTY,MT,2,0.5,0,140,0.103,0.001,3,0.214,0
MADISON COUNTY,MT,5,0.217,0,804,0.127,0.001,20,0.109,0.01
MEAGHER COUNTY,MT,0,0,0,214,0.142,0,1,0.038,0
MINERAL COUNTY,MT,50,3.846,0.02,2166,0.654,0.005,54,0.72,0.022
MISSOULA COUNTY,MT,71,0.158,0.017,7259,0.086,0.003,98,0.042,0.024
MUSSELSHELL COUNTY,MT,3,0.214,0,535,0.149,0.003,9,0.096,0.065
PARK COUNTY,MT,28,0.875,0.051,2567,0.206,0.009,53,0.191,0.027
PHILLIPS COUNTY,MT,4,2,0,416,0.142,0.007,4,0.07,0.1
PONDERA COUNTY,MT,13,1.083,0,1161,0.282,0.004,19,0.297,0
POWELL COUNTY,MT,44,0.657,0.005,3128,0.575,0,53,0.473,0
PRAIRIE COUNTY,MT,7,7,0.083,284,0.306,0.007,15,0.938,0.027
RAVALLI COUNTY,MT,14,0.177,0,3612,0.114,0,37,0.042,0
RICHLAND COUNTY,MT,36,1.091,0.006,1914,0.238,0.003,97,0.291,0.004
ROOSEVELT COUNTY,MT,24,1.6,0.017,1250,0.375,0.003,40,0.301,0.015
ROSEBUD COUNTY,MT,27,1.588,0,1820,0.409,0.001,44,0.189,0.009
SANDERS COUNTY,MT,4,0.154,0,1450,0.167,0.002,10,0.051,0
SHERIDAN COUNTY,MT,5,0.556,0,444,0.158,0.002,11,0.239,0
SILVER BOW COUNTY,MT,29,0.236,0.007,2639,0.101,0.001,50,0.052,0.004
STILLWATER COUNTY,MT,22,1.375,0.027,1432,0.201,0.001,44,0.227,0.009
SWEET GRASS COUNTY,MT,14,2.8,0,597,0.213,0.004,18,0.375,0.011
TETON COUNTY,MT,3,0.75,0,377,0.082,0.001,4,0.068,0
TOOLE COUNTY,MT,10,0.37,0,994,0.261,0.003,15,0.132,0.026
VALLEY COUNTY,MT,12,0.522,0.033,973,0.182,0.009,17,0.193,0.048
WHEATLAND COUNTY,MT,6,1.5,0,317,0.198,0.002,5,0.208,0
YELLOWSTONE COUNTY,MT,125,0.165,0.013,7606,0.07,0.003,255,0.051,0.01
A1,NC,1030,0.567,0.007,11894,0.274,0.007,260,0.121,0.016
A2,NC,5474,0.217,0.018,4125,0.213,0.01,217,0.22,0.029
A3,NC,3766,0.196,0.004,7728,0.192,0.002,291,0.158,0.005
A4,NC,4713,0.28,0.008,11911,0.327,0.005,1045,0.354,0.006
A5,NC,6737,0.126,0.005,9231,0.1,0.003,916,0.131,0.008
A6,NC,2157,0.111,0.007,6504,0.099,0.004,394,0.076,0.007
A7,NC,2621,0.124,0.013,5271,0.174,0.012,745,0.251,0.025
A8,NC,984,0.301,0.022,7665,0.152,0.021,315,0.176,0.032
B2,NC,2710,0.204,0.013,4387,0.158,0.008,2089,0.294,0.031
B3,NC,1670,0.081,0.018,6711,0.069,0.013,476,0.032,0.027
B4,NC,3799,0.196,0.006,9460,0.159,0.004,2013,0.197,0.009
B5,NC,5794,0.249,0.002,10369,0.233,0.001,1054,0.314,0.002
B6,NC,3595,0.107,0.003,15266,0.069,0.003,866,0.077,0.005
B7,NC,4069,0.163,0.003,4824,0.159,0.001,1545,0.239,0.004
B8,NC,7231,0.067,0.006,10402,0.057,0.004,1531,0.047,0.006
C1,NC,7068,0.133,0.012,6433,0.11,0.007,760,0.145,0.017
C2,NC,2064,0.069,0.005,3561,0.063,0.005,1023,0.122,0.012
C3,NC,9519,0.062,0.005,14850,0.031,0.004,2388,0.038,0.008
C4,NC,5956,0.154,0.002,5712,0.104,0.001,926,0.17,0.002
C5,NC,3001,0.097,0.009,3587,0.085,0.006,896,0.129,0.017
C6,NC,4035,0.196,0.005,9452,0.096,0.002,1600,0.11,0.01
C7,NC,5578,0.056,0.011,5271,0.04,0.007,1323,0.047,0.023
C8,NC,5529,0.171,0.007,4692,0.19,0.003,385,0.343,0.007
D1,NC,2374,0.27,0.005,5625,0.195,0.004,1200,0.168,0.006
D2,NC,7185,0.056,0.014,8916,0.04,0.011,1108,0.045,0.028
D3,NC,2114,0.15,0.012,6053,0.107,0.009,490,0.146,0.023
D4,NC,1533,0.103,0.008,3068,0.092,0.006,211,0.133,0.009
D5,NC,3240,0.141,0.005,6629,0.077,0.005,738,0.064,0.015
D6,NC,3003,0.467,0.006,11039,0.117,0.006,1435,0.15,0.017
D7,NC,3904,0.191,0.006,7550,0.061,0.004,994,0.077,0.008
E1,NC,2614,0.226,0.012,8884,0.081,0.008,804,0.12,0.024
E2,NC,1832,0.198,0.002,6164,0.111,0.002,634,0.164,0.004
E3,NC,4126,0.24,0.005,9313,0.111,0.004,885,0.13,0.01
E4,NC,3498,0.049,0.01,9998,0.057,0.008,1125,0.041,0.015
E5,NC,1460,0.394,0.009,11456,0.132,0.005,1083,0.202,0.013
E6,NC,3837,0.173,0.007,8049,0.076,0.008,835,0.073,0.013
E7,NC,1268,0.418,0.01,7291,0.13,0.005,741,0.181,0.011
F1,NC,818,0.177,0.002,8372,0.134,0.002,422,0.127,0.001
F2,NC,885,0.338,0.001,14339,0.179,0,1158,0.283,0.002
F3,NC,759,0.199,0.004,13138,0.129,0.002,472,0.124,0.005
F4,NC,3210,0.193,0.005,16982,0.131,0.005,1315,0.15,0.005
F5,NC,2527,0.185,0.005,17135,0.111,0.005,1834,0.149,0.007
G1,NC,331,0.288,0.002,9050,0.161,0.001,460,0.241,0.001
G2,NC,1260,0.19,0.004,10001,0.126,0.003,542,0.169,0.008
G3,NC,1635,0.374,0.004,12634,0.105,0.003,1295,0.154,0.005
G4,NC,1082,0.089,0.01,10490,0.06,0.006,657,0.064,0.015
G5,NC,1120,0.894,0.014,10704,0.142,0.007,687,0.25,0.03
G6,NC,419,0.483,0.01,12035,0.173,0.009,527,0.2,0.009
H1,NC,2662,0.109,0.014,7156,0.055,0.01,535,0.063,0.013
H2,NC,2861,0.132,0.03,4248,0.119,0.016,338,0.138,0.051
H3,NC,4512,0.158,0.011,8486,0.065,0.009,904,0.06,0.014
H4,NC,2220,0.145,0.015,5350,0.09,0.01,319,0.168,0.029
H5,NC,10009,0.043,0.007,12875,0.032,0.005,1874,0.023,0.01
H6,NC,2221,0.1,0.005,3950,0.052,0.002,611,0.082,0.005
ADAMS COUNTY,OH,114,1.31,0.014,3442,0.16,0.018,18,0.114,0.023
ALLEN COUNTY,OH,2452,0.256,0.094,10560,0.151,0.037,195,0.105,0.084
ASHLAND COUNTY,OH,1970,6.046,0.05,12687,0.311,0.018,254,0.627,0.04
ASHTABULA COUNTY,OH,712,0.243,0.077,9641,0.132,0.03,271,0.116,0.063
ATHENS COUNTY,OH,806,0.539,0.041,11211,0.225,0.024,104,0.111,0.031
AUGLAIZE COUNTY,OH,1197,8.437,0.041,9967,0.285,0.01,151,0.383,0.036
BELMONT COUNTY,OH,854,0.338,0.037,11443,0.211,0.025,131,0.328,0.038
BROWN COUNTY,OH,271,0.866,0.028,8162,0.239,0.021,50,0.228,0.044
BUTLER COUNTY,OH,3103,0.148,0.096,13660,0.055,0.047,505,0.051,0.149
CARROLL COUNTY,OH,28,0.239,0.043,1485,0.066,0.01,16,0.081,0.012
CHAMPAIGN COUNTY,OH,78,0.112,0.031,1456,0.049,0.014,11,0.031,0.037
CLARK COUNTY,OH,1792,0.198,0.057,7514,0.079,0.025,202,0.08,0.066
CLERMONT COUNTY,OH,746,0.374,0.046,16849,0.113,0.028,161,0.074,0.052
CLINTON COUNTY,OH,1293,1.765,0.02,8714,0.279,0.015,259,0.629,0.038
COLUMBIANA COUNTY,OH,495,0.24,0.054,9766,0.119,0.016,77,0.069,0.016
COSHOCTON COUNTY,OH,70,0.213,0.023,1866,0.066,0.013,8,0.039,0
CRAWFORD COUNTY,OH,456,1.701,0.028,7730,0.232,0.012,83,0.219,0.022
CUYAHOGA COUNTY,OH,8992,0.031,0.09,17695,0.027,0.04,1166,0.025,0.074
DARKE COUNTY,OH,37,0.187,0.016,1525,0.038,0.018,11,0.024,0
DEFIANCE COUNTY,OH,518,1.026,0.036,6911,0.254,0.019,358,0.15,0.047
DELAWARE COUNTY,OH,2053,0.439,0.028,14200,0.115,0.018,338,0.121,0.04
ERIE COUNTY,OH,2696,0.549,0.047,15085,0.281,0.015,554,0.283,0.028
FAIRFIELD COUNTY,OH,1055,0.144,0.053,12074,0.115,0.032,122,0.064,0.046
FAYETTE COUNTY,OH,372,0.777,0.027,2413,0.112,0.015,51,0.15,0.016
FRANKLIN COUNTY,OH,9695,0.05,0.071,25268,0.038,0.052,1338,0.034,0.146
FULTON COUNTY,OH,817,6.285,0.016,6673,0.218,0.007,459,0.204,0.023
GALLIA COUNTY,OH,854,1.395,0.04,8823,0.385,0.023,102,0.411,0.021
GEAUGA COUNTY,OH,317,0.329,0.028,4653,0.065,0.012,44,0.056,0.041
GREENE COUNTY,OH,1954,0.206,0.046,10415,0.091,0.029,168,0.054,0.046
GUERNSEY COUNTY,OH,1506,3.364,0.043,11697,0.385,0.023,340,1.343,0.04
HAMILTON COUNTY,OH,5667,0.037,0.086,20080,0.045,0.036,492,0.034,0.085
HANCOCK COUNTY,OH,1516,1.704,0.091,10843,0.197,0.027,333,0.136,0.072
HARDIN COUNTY,OH,119,0.536,0.035,2081,0.086,0.018,28,0.097,0.022
HARRISON COUNTY,OH,136,0.476,0.038,3270,0.269,0.014,47,0.54,0.013
HENRY COUNTY,OH,98,0.907,0.01,1854,0.091,0.012,97,0.074,0.025
HIGHLAND COUNTY,OH,96,0.204,0.063,3518,0.108,0.029,10,0.047,0.039
HOCKING COUNTY,OH,150,0.882,0.056,2785,0.124,0.019,20,0.118,0.02
HOLMES COUNTY,OH,16,0.13,0.025,1391,0.046,0.013,8,0.03,0.026
HURON COUNTY,OH,323,0.65,0.03,7642,0.179,0.015,180,0.082,0.051
JACKSON COUNTY,OH,1024,6.522,0.071,11290,0.451,0.021,160,0.758,0.038
JEFFERSON COUNTY,OH,659,0.228,0.114,7619,0.147,0.041,53,0.084,0.037
KNOX COUNTY,OH,137,0.328,0.041,5825,0.126,0.031,34,0.058,0.094
LAKE COUNTY,OH,742,0.12,0.106,8317,0.049,0.037,254,0.046,0.101
LAWRENCE COUNTY,OH,434,0.412,0.065,9878,0.208,0.031,53,0.15,0.053
LICKING COUNTY,OH,1563,0.34,0.044,13751,0.111,0.033,252,0.14,0.027
LOGAN COUNTY,OH,443,0.757,0.038,5116,0.15,0.022,68,0.173,0.035
LORAIN COUNTY,OH,4358,0.236,0.104,18405,0.093,0.041,1740,0.094,0.079
LUCAS COUNTY,OH,5919,0.096,0.095,19968,0.079,0.042,1155,0.063,0.095
MADISON COUNTY,OH,1876,0.724,0.028,10208,0.324,0.014,383,0.87,0.067
MAHONING COUNTY,OH,4089,0.15,0.06,19846,0.13,0.025,509,0.059,0.054
MARION COUNTY,OH,1175,0.326,0.055,11637,0.242,0.023,166,0.167,0.03
MEDINA COUNTY,OH,2051,1.232,0.038,11757,0.089,0.016,453,0.219,0.032
MEIGS COUNTY,OH,472,2.832,0.019,5180,0.282,0.013,59,0.738,0.007
MERCER COUNTY,OH,157,1.725,0.017,4473,0.146,0.021,52,0.122,0.023
MIAMI COUNTY,OH,1210,0.706,0.052,8099,0.104,0.02,124,0.13,0.047
MONROE COUNTY,OH,9,0.18,0,693,0.06,0.008,5,0.104,0.042
MONTGOMERY COUNTY,OH,5068,0.06,0.067,12779,0.04,0.045,332,0.037,0.072
MORGAN COUNTY,OH,13,0.037,0.045,482,0.043,0.013,0,0,0
MORROW COUNTY,OH,1072,8.318,0.036,8263,0.31,0.016,136,0.461,0.019
MUSKINGUM COUNTY,OH,1102,0.431,0.069,10990,0.172,0.023,151,0.309,0.036
NOBLE COUNTY,OH,122,0.321,0.059,1701,0.147,0.018,16,0.308,0.051
OTTAWA COUNTY,OH,476,1.725,0.063,4597,0.143,0.027,133,0.097,0.044
PAULDING COUNTY,OH,304,2.357,0.026,3397,0.239,0.017,120,0.213,0.04
PERRY COUNTY,OH,21,0.226,0,1208,0.044,0.018,2,0.011,0
PICKAWAY COUNTY,OH,848,0.456,0.04,9571,0.226,0.021,98,0.199,0.047
PIKE COUNTY,OH,180,0.793,0.062,3924,0.183,0.018,21,0.133,0
PORTAGE COUNTY,OH,2482,0.454,0.057,19501,0.16,0.028,309,0.17,0.036
PREBLE COUNTY,OH,673,4.079,0.056,4851,0.15,0.028,335,1.872,0.15
PUTNAM COUNTY,OH,38,0.594,0.026,1201,0.048,0.029,41,0.032,0.034
RICHLAND COUNTY,OH,2350,0.252,0.078,14563,0.169,0.032,221,0.16,0.055
ROSS COUNTY,OH,799,0.194,0.086,10662,0.189,0.028,77,0.137,0.062
SANDUSKY COUNTY,OH,2349,1.894,0.046,15732,0.374,0.015,869,0.233,0.039
SCIOTO COUNTY,OH,557,0.318,0.165,11847,0.201,0.039,62,0.106,0.064
SENECA COUNTY,OH,171,0.17,0.065,3225,0.079,0.022,76,0.044,0.068
SHELBY COUNTY,OH,727,0.986,0.069,4667,0.131,0.021,75,0.167,0.062
STARK COUNTY,OH,2324,0.109,0.123,13020,0.048,0.044,181,0.04,0.097
SUMMIT COUNTY,OH,3618,0.061,0.085,13838,0.039,0.03,336,0.05,0.039
TRUMBULL COUNTY,OH,3714,0.282,0.075,18777,0.125,0.03,503,0.234,0.041
TUSCARAWAS COUNTY,OH,602,1.121,0.04,10568,0.149,0.018,158,0.116,0.058
UNION COUNTY,OH,522,0.448,0.034,5878,0.155,0.022,90,0.182,0.042
VAN WERT COUNTY,OH,380,1.934,0.035,6050,0.28,0.016,131,0.254,0.018
VINTON COUNTY,OH,60,1.5,0.03,2898,0.282,0.018,10,0.161,0.02
WARREN COUNTY,OH,2718,0.446,0.056,16110,0.107,0.03,479,0.14,0.067
WASHINGTON COUNTY,OH,650,1.109,0.062,10756,0.222,0.02,115,0.296,0.051
WAYNE COUNTY,OH,802,0.573,0.044,11556,0.135,0.018,191,0.148,0.03
WILLIAMS COUNTY,OH,581,1.766,0.018,7856,0.28,0.01,357,0.371,0.028
WOOD COUNTY,OH,2745,1.016,0.089,13052,0.138,0.031,604,0.133,0.092
WYANDOT COUNTY,OH,951,21.636,0.033,6687,0.39,0.011,123,0.334,0.02
ABBEVILLE COUNTY,SC,1463,0.263,0.027,2378,0.169,0.014,54,0.24,0.007
AIKEN COUNTY,SC,8283,0.268,0.041,13870,0.151,0.036,1089,0.188,0.086
ALLENDALE COUNTY,SC,1651,0.288,0.065,1052,0.515,0.083,42,0.202,0.133
ANDERSON COUNTY,SC,8483,0.36,0.035,28133,0.233,0.022,1185,0.281,0.049
BAMBERG COUNTY,SC,2725,0.36,0.035,2248,0.489,0.017,47,0.227,0.042
BARNWELL COUNTY,SC,2837,0.392,0.039,2997,0.324,0.022,74,0.221,0.092
BEAUFORT COUNTY,SC,4351,0.179,0.026,9520,0.096,0.027,1307,0.1,0.093
BERKELEY COUNTY,SC,5339,0.148,0.024,9828,0.098,0.027,763,0.097,0.059
CALHOUN COUNTY,SC,1615,0.322,0.031,1634,0.244,0.021,85,0.249,0.094
CHARLESTON COUNTY,SC,4780,0.058,0.029,6063,0.03,0.028,641,0.049,0.087
CHEROKEE COUNTY,SC,5143,0.606,0.023,13856,0.416,0.016,608,0.433,0.044
CHESTER COUNTY,SC,5261,0.569,0.023,7245,0.458,0.019,247,0.689,0.068
CHESTERFIELD COUNTY,SC,2731,0.237,0.025,4969,0.213,0.017,160,0.13,0.04
COLLETON COUNTY,SC,2895,0.258,0.018,5273,0.299,0.011,256,0.341,0.044
DARLINGTON COUNTY,SC,6050,0.284,0.046,8568,0.276,0.029,213,0.258,0.056
DORCHESTER COUNTY,SC,6813,0.246,0.024,10510,0.139,0.022,933,0.197,0.038
EDGEFIELD COUNTY,SC,2657,0.337,0.03,2800,0.224,0.021,170,0.137,0.08
FAIRFIELD COUNTY,SC,4539,0.429,0.017,3937,0.515,0.013,161,0.516,0.054
FLORENCE COUNTY,SC,10782,0.246,0.041,13608,0.226,0.032,631,0.295,0.061
GEORGETOWN COUNTY,SC,4026,0.265,0.025,7667,0.234,0.026,240,0.195,0.059
GREENVILLE COUNTY,SC,15622,0.24,0.021,41268,0.153,0.013,4587,0.166,0.035
GREENWOOD COUNTY,SC,6896,0.409,0.032,10434,0.298,0.022,550,0.226,0.058
HAMPTON COUNTY,SC,2290,0.268,0.039,1864,0.268,0.031,45,0.071,0.076
HORRY COUNTY,SC,10280,0.349,0.032,41948,0.218,0.025,1847,0.153,0.135
JASPER COUNTY,SC,3281,0.355,0.019,3842,0.418,0.02,685,0.28,0.083
KERSHAW COUNTY,SC,5957,0.497,0.019,9170,0.262,0.014,427,0.253,0.049
LANCASTER COUNTY,SC,4048,0.283,0.03,9425,0.2,0.024,389,0.153,0.056
LAURENS COUNTY,SC,5554,0.423,0.023,11024,0.294,0.013,586,0.336,0.066
LEE COUNTY,SC,3062,0.33,0.013,2416,0.459,0.013,98,0.359,0.016
LEXINGTON COUNTY,SC,9629,0.325,0.029,23133,0.136,0.021,1267,0.123,0.063
MCCORMICK COUNTY,SC,827,0.203,0.021,842,0.189,0.013,17,0.181,0
MARION COUNTY,SC,3504,0.255,0.024,4802,0.452,0.012,189,0.334,0.059
MARLBORO COUNTY,SC,2195,0.191,0.031,2714,0.289,0.018,61,0.081,0.016
NEWBERRY COUNTY,SC,4476,0.501,0.026,6919,0.363,0.017,428,0.246,0.065
OCONEE COUNTY,SC,1233,0.277,0.01,10946,0.204,0.008,431,0.184,0.019
ORANGEBURG COUNTY,SC,13401,0.306,0.035,7085,0.277,0.025,384,0.321,0.078
PICKENS COUNTY,SC,1461,0.228,0.018,13552,0.157,0.01,507,0.186,0.022
RICHLAND COUNTY,SC,21767,0.154,0.028,17727,0.119,0.019,1314,0.093,0.082
SALUDA COUNTY,SC,2335,0.584,0.028,3635,0.368,0.024,595,0.306,0.084
SPARTANBURG COUNTY,SC,10680,0.231,0.014,31152,0.19,0.009,2073,0.178,0.031
SUMTER COUNTY,SC,8819,0.229,0.051,6470,0.16,0.028,286,0.108,0.145
UNION COUNTY,SC,1710,0.246,0.022,2964,0.194,0.015,49,0.228,0.033
WILLIAMSBURG COUNTY,SC,4050,0.238,0.049,1959,0.223,0.029,37,0.058,0.066
YORK COUNTY,SC,11255,0.325,0.018,27532,0.199,0.017,1195,0.155,0.04
ANDERSON COUNTY,TX,1932,0.182,0.017,8470,0.289,0.01,1310,0.179,0.016
ANDREWS COUNTY,TX,81,0.455,0.017,1268,0.219,0.008,1379,0.23,0.011
ANGELINA COUNTY,TX,1825,0.185,0.019,8261,0.187,0.011,1712,0.144,0.016
ARANSAS COUNTY,TX,91,0.364,0.037,2223,0.151,0.024,894,0.196,0.03
ARCHER COUNTY,TX,185,3.957,0.057,3960,0.617,0.017,628,1.286,0.04
ARMSTRONG COUNTY,TX,214,17.833,0.021,2024,1.438,0.009,511,4.731,0.017
ATASCOSA COUNTY,TX,457,1.799,0.007,5241,0.387,0.007,8066,0.382,0.015
AUSTIN COUNTY,TX,944,0.475,0.034,4133,0.266,0.013,1924,0.398,0.032
BAILEY COUNTY,TX,143,2.306,0.014,1822,0.849,0.005,1001,0.351,0.014
BANDERA COUNTY,TX,53,0.582,0.015,3619,0.252,0.018,908,0.326,0.017
BASTROP COUNTY,TX,1477,0.329,0.034,9679,0.269,0.016,3497,0.197,0.029
BAYLOR COUNTY,TX,93,1.368,0.006,1328,0.528,0.005,228,0.706,0.018
BEE COUNTY,TX,241,0.096,0.012,2859,0.302,0.004,3701,0.264,0.008
BELL COUNTY,TX,4857,0.098,0.021,14048,0.11,0.013,4830,0.095,0.022
BEXAR COUNTY,TX,1086,0.011,0.02,6342,0.014,0.012,9033,0.011,0.023
BLANCO COUNTY,TX,101,1.312,0.016,2807,0.392,0.014,651,0.45,0.028
BORDEN COUNTY,TX,3,1.5,0,56,0.129,0.018,24,0.329,0.008
BOSQUE COUNTY,TX,168,0.718,0.017,3857,0.321,0.01,619,0.31,0.014
BOWIE COUNTY,TX,2758,0.161,0.052,10125,0.205,0.048,1071,0.225,0.067
BRAZORIA COUNTY,TX,5053,0.156,0.025,16681,0.123,0.017,8158,0.124,0.022
BRAZOS COUNTY,TX,1904,0.117,0.044,8570,0.084,0.021,2433,0.068,0.033
BREWSTER COUNTY,TX,67,0.87,0.042,2111,0.499,0.01,2470,0.805,0.015
BRISCOE COUNTY,TX,15,0.455,0.027,288,0.318,0.002,83,0.283,0.002
BROOKS COUNTY,TX,71,2.958,0.059,576,1.238,0.02,4320,0.89,0.037
BROWN COUNTY,TX,296,0.3,0.036,4939,0.213,0.018,1079,0.199,0.031
BURLESON COUNTY,TX,875,0.528,0.035,4931,0.512,0.019,1317,0.572,0.027
BURNET COUNTY,TX,289,0.439,0.023,7251,0.26,0.021,1512,0.239,0.027
CALDWELL COUNTY,TX,598,0.291,0.009,3792,0.264,0.005,2494,0.18,0.008
CALHOUN COUNTY,TX,191,0.458,0.021,2356,0.29,0.007,1802,0.247,0.012
CALLAHAN COUNTY,TX,873,6.992,0.014,5278,0.546,0.006,1690,2.018,0.01
CAMERON COUNTY,TX,319,0.263,0.013,4545,0.125,0.004,29259,0.113,0.006
CAMP COUNTY,TX,455,0.277,0.036,1909,0.32,0.016,450,0.254,0.032
CARSON COUNTY,TX,646,23.071,0.074,4829,1.158,0.041,2122,5.229,0.056
CASS COUNTY,TX,1822,0.451,0.029,7194,0.377,0.018,677,0.852,0.048
CASTRO COUNTY,TX,65,0.596,0.022,1729,0.76,0.006,1638,0.491,0.019
CHAMBERS COUNTY,TX,6354,2.693,0.053,9689,0.484,0.015,3746,0.732,0.029
CHEROKEE COUNTY,TX,1523,0.265,0.022,7896,0.305,0.014,1456,0.206,0.017
CHILDRESS COUNTY,TX,290,0.456,0.039,2989,0.865,0.012,766,0.491,0.021
CLAY COUNTY,TX,751,14.462,0.063,4964,0.634,0.023,978,2.615,0.062
COCHRAN COUNTY,TX,8,0.081,0.025,88,0.091,0.002,117,0.102,0.015
COKE COUNTY,TX,31,1.824,0.019,564,0.267,0.011,186,0.379,0.017
COLEMAN COUNTY,TX,141,0.855,0.016,2015,0.361,0.017,464,0.454,0.019
COLLIN COUNTY,TX,3872,0.067,0.013,17288,0.042,0.007,3836,0.044,0.011
COLLINGSWORTH COUNTY,TX,31,0.282,0.02,470,0.31,0.003,174,0.285,0.003
COLORADO COUNTY,TX,1340,0.67,0.024,5877,0.565,0.009,2774,0.711,0.018
COMAL COUNTY,TX,651,0.372,0.017,7609,0.11,0.009,3814,0.171,0.017
COMANCHE COUNTY,TX,102,2.757,0.025,2392,0.291,0.009,623,0.254,0.018
CONCHO COUNTY,TX,126,2.211,0.008,1133,0.777,0.006,606,0.298,0.014
COOKE COUNTY,TX,1004,1.208,0.022,9154,0.371,0.007,1674,0.406,0.016
CORYELL COUNTY,TX,686,0.072,0.019,3473,0.096,0.01,702,0.076,0.011
COTTLE COUNTY,TX,60,0.531,0.017,809,1.011,0.004,245,1.025,0.016
CRANE COUNTY,TX,33,0.347,0.043,365,0.262,0.01,489,0.252,0.01
CROCKETT COUNTY,TX,404,26.933,0.022,2719,2.556,0.008,2839,1.633,0.008
CROSBY COUNTY,TX,85,0.538,0.033,1202,0.573,0.01,422,0.189,0.035
CULBERSON COUNTY,TX,424,38.545,0.013,2163,5.165,0.008,4118,3.259,0.015
DALLAM COUNTY,TX,125,1.689,0.054,2397,0.832,0.029,649,0.332,0.034
DALLAS COUNTY,TX,4681,0.011,0.022,9372,0.014,0.012,3302,0.005,0.018
DAWSON COUNTY,TX,341,0.478,0.037,2000,0.463,0.012,1770,0.329,0.021
DEAF SMITH COUNTY,TX,75,0.475,0.024,1469,0.327,0.009,1656,0.185,0.024
DELTA COUNTY,TX,131,0.447,0.026,689,0.195,0.015,65,0.28,0.012
DENTON COUNTY,TX,2929,0.059,0.04,14718,0.04,0.021,4126,0.044,0.032
DEWITT COUNTY,TX,247,0.173,0.013,2681,0.272,0.007,1309,0.26,0.009
DICKENS COUNTY,TX,76,0.835,0.024,1182,0.956,0.008,234,0.458,0.025
DIMMIT COUNTY,TX,55,0.705,0.029,759,0.716,0.015,1965,0.296,0.027
DONLEY COUNTY,TX,377,2.793,0.013,4142,1.67,0.002,929,3.619,0.007
DUVAL COUNTY,TX,29,0.305,0,503,0.533,0.002,2332,0.297,0.005
EASTLAND COUNTY,TX,951,3.257,0.042,7355,0.603,0.016,2123,1.084,0.029
ECTOR COUNTY,TX,405,0.089,0.04,4271,0.094,0.022,6155,0.107,0.029
EDWARDS COUNTY,TX,2,0.222,0.222,75,0.1,0.008,79,0.101,0.015
ELLIS COUNTY,TX,1797,0.168,0.038,5476,0.068,0.02,2742,0.106,0.046
EL PASO COUNTY,TX,1335,0.068,0.032,5458,0.06,0.017,26820,0.054,0.019
ERATH COUNTY,TX,258,0.542,0.026,8221,0.322,0.011,1667,0.31,0.017
FALLS COUNTY,TX,634,0.189,0.025,2217,0.285,0.013,596,0.216,0.021
FANNIN COUNTY,TX,270,0.138,0.006,3266,0.147,0.004,352,0.144,0.005
FAYETTE COUNTY,TX,1019,0.843,0.028,4568,0.294,0.009,2253,0.696,0.02
FISHER COUNTY,TX,43,0.384,0.056,750,0.338,0.023,219,0.277,0.04
FLOYD COUNTY,TX,43,0.27,0.019,475,0.222,0.008,345,0.148,0.025
FOARD COUNTY,TX,14,0.318,0.029,163,0.196,0.021,41,0.263,0.02
FORT BEND COUNTY,TX,7150,0.071,0.01,11253,0.061,0.006,8996,0.081,0.012
FRANKLIN COUNTY,TX,600,1.911,0.037,3083,0.448,0.014,549,0.607,0.034
FREESTONE COUNTY,TX,1584,0.636,0.025,4585,0.419,0.01,1490,0.793,0.031
FRIO COUNTY,TX,383,0.699,0.024,3236,1.323,0.013,8267,0.77,0.032
GAINES COUNTY,TX,119,0.527,0.074,1799,0.234,0.039,1386,0.282,0.06
GALVESTON COUNTY,TX,2914,0.094,0.014,8412,0.057,0.01,3874,0.076,0.012
GARZA COUNTY,TX,307,0.916,0.045,2247,0.938,0.016,840,0.321,0.036
GILLESPIE COUNTY,TX,101,1.712,0.026,3484,0.206,0.014,976,0.26,0.03
GLASSCOCK COUNTY,TX,32,2,0.019,399,0.616,0.006,248,0.824,0.006
GOLIAD COUNTY,TX,116,0.46,0.027,1090,0.293,0.022,883,0.452,0.028
GONZALES COUNTY,TX,1423,1.396,0.02,7186,0.966,0.009,4584,0.684,0.024
GRAY COUNTY,TX,199,0.208,0.035,3538,0.286,0.011,1082,0.269,0.016
GRAYSON COUNTY,TX,831,0.153,0.026,9412,0.121,0.01,1205,0.127,0.02
GREGG COUNTY,TX,4278,0.232,0.049,10604,0.176,0.021,2185,0.161,0.034
GRIMES COUNTY,TX,894,0.254,0.067,2761,0.203,0.035,839,0.199,0.057
GUADALUPE COUNTY,TX,1292,0.167,0.021,9113,0.149,0.007,5675,0.151,0.017
HALE COUNTY,TX,365,0.255,0.046,3875,0.363,0.015,2946,0.21,0.028
HALL COUNTY,TX,77,0.44,0.01,752,0.469,0.005,215,0.301,0.016
HAMILTON COUNTY,TX,62,1.378,0.023,1790,0.299,0.009,230,0.372,0.014
HANSFORD COUNTY,TX,9,0.36,0,597,0.253,0,324,0.195,0.001
HARDEMAN COUNTY,TX,177,0.994,0.016,1831,0.787,0.007,470,0.801,0.018
HARDIN COUNTY,TX,669,0.288,0.016,6287,0.165,0.013,362,0.193,0.017
HARRIS COUNTY,TX,14179,0.023,0.016,19755,0.017,0.009,18020,0.014,0.011
HARRISON COUNTY,TX,5314,0.479,0.029,14099,0.409,0.012,2018,0.419,0.032
HARTLEY COUNTY,TX,160,0.369,0.059,3617,1.097,0.035,1002,0.849,0.046
HASKELL COUNTY,TX,151,0.821,0.015,1962,0.571,0.005,544,0.497,0.014
HAYS COUNTY,TX,867,0.178,0.024,8886,0.106,0.012,5048,0.109,0.018
HEMPHILL COUNTY,TX,17,1.7,0,979,0.464,0.004,339,0.435,0.009
HENDERSON COUNTY,TX,1087,0.28,0.027,8593,0.164,0.019,1237,0.206,0.021
HIDALGO COUNTY,TX,464,0.178,0.027,4785,0.094,0.013,76863,0.151,0.015
HILL COUNTY,TX,1324,0.772,0.043,7288,0.348,0.017,2385,0.537,0.054
HOCKLEY COUNTY,TX,261,0.406,0.041,2644,0.281,0.018,2207,0.299,0.029
HOOD COUNTY,TX,239,0.948,0.03,10727,0.28,0.016,1571,0.39,0.018
HOPKINS COUNTY,TX,1397,0.726,0.057,7588,0.352,0.015,1363,0.376,0.048
HOUSTON COUNTY,TX,748,0.156,0.025,2820,0.232,0.013,344,0.199,0.029
HOWARD COUNTY,TX,335,0.183,0.021,3296,0.209,0.009,1708,0.159,0.017
HUDSPETH COUNTY,TX,514,19.074,0.017,2340,4.195,0.011,4613,2.353,0.018
HUNT COUNTY,TX,2309,0.422,0.034,11840,0.223,0.013,2268,0.275,0.026
HUTCHINSON COUNTY,TX,76,0.178,0.024,2526,0.199,0.006,750,0.242,0.007
IRION COUNTY,TX,57,4.75,0.011,896,0.985,0.011,520,1.605,0.012
JACK COUNTY,TX,143,0.445,0.027,3399,0.585,0.014,545,0.561,0.02
JACKSON COUNTY,TX,262,0.371,0.023,1368,0.189,0.009,1498,0.492,0.022
JASPER COUNTY,TX,2575,0.588,0.005,14459,0.67,0.003,948,0.632,0.005
JEFF DAVIS COUNTY,TX,22,2.2,0.019,755,0.58,0.006,1069,1.655,0.019
JEFFERSON COUNTY,TX,5462,0.084,0.024,12472,0.136,0.012,3078,0.094,0.016
JIM HOGG COUNTY,TX,27,1.688,0.022,563,2.062,0.007,3481,0.986,0.012
JIM WELLS COUNTY,TX,175,1.067,0.011,2053,0.323,0.007,8736,0.361,0.009
JOHNSON COUNTY,TX,833,0.255,0.014,11333,0.122,0.012,2659,0.132,0.015
JONES COUNTY,TX,169,0.076,0.012,2577,0.255,0.005,632,0.149,0.009
KARNES COUNTY,TX,236,0.201,0.016,2450,0.492,0.015,2347,0.399,0.017
KAUFMAN COUNTY,TX,3900,0.462,0.051,8431,0.144,0.022,2505,0.19,0.026
KENDALL COUNTY,TX,92,0.482,0.035,2397,0.104,0.016,983,0.169,0.023
KENEDY COUNTY,TX,31,5.167,0,189,2.7,0.004,643,2.582,0.016
KENT COUNTY,TX,3,0.375,0.154,149,0.282,0.013,27,0.281,0.022
KERR COUNTY,TX,262,0.406,0.053,4745,0.153,0.017,1989,0.223,0.024
KIMBLE COUNTY,TX,240,17.143,0.014,1469,0.513,0.005,1293,1.626,0.008
KINNEY COUNTY,TX,108,3.086,0.02,1263,0.994,0.006,2227,1.377,0.019
KLEBERG COUNTY,TX,211,0.228,0.031,1440,0.243,0.011,6482,0.38,0.027
KNOX COUNTY,TX,71,0.464,0.031,1048,0.55,0.009,226,0.278,0.028
LAMAR COUNTY,TX,781,0.158,0.053,5995,0.196,0.03,418,0.194,0.042
LAMB COUNTY,TX,276,0.707,0.022,2732,0.579,0.011,1673,0.334,0.019
LAMPASAS COUNTY,TX,273,0.486,0.026,4005,0.328,0.013,769,0.293,0.015
LA SALLE COUNTY,TX,182,6.276,0.001,1905,2.269,0.003,5236,1.037,0.008
LAVACA COUNTY,TX,216,0.231,0.006,2135,0.176,0.003,690,0.31,0.004
LEE COUNTY,TX,537,0.36,0.027,3302,0.366,0.009,946,0.367,0.021
LEON COUNTY,TX,2300,2.334,0.014,4265,0.397,0.006,1549,1.022,0.014
LIBERTY COUNTY,TX,2309,0.351,0.043,8189,0.195,0.013,1864,0.178,0.02
LIMESTONE COUNTY,TX,838,0.264,0.037,2883,0.241,0.015,708,0.222,0.044
LIPSCOMB COUNTY,TX,1,0.067,0,162,0.088,0.005,57,0.079,0.01
LIVE OAK COUNTY,TX,306,0.654,0.007,3075,0.533,0.003,4944,1.46,0.007
LLANO COUNTY,TX,80,0.645,0.033,2885,0.192,0.014,481,0.392,0.018
LUBBOCK COUNTY,TX,999,0.066,0.054,8388,0.062,0.024,5070,0.075,0.052
LYNN COUNTY,TX,133,1.462,0.051,1399,0.599,0.01,835,0.441,0.027
MCCULLOCH COUNTY,TX,213,1.664,0.006,3180,0.702,0.005,1091,0.602,0.009
MCLENNAN COUNTY,TX,2455,0.094,0.054,9818,0.085,0.024,3464,0.086,0.047
MCMULLEN COUNTY,TX,60,8.571,0.01,761,1.939,0.01,978,4.351,0.023
MADISON COUNTY,TX,861,0.381,0.079,2609,0.402,0.035,827,0.368,0.06
MARION COUNTY,TX,838,0.466,0.027,3032,0.484,0.019,344,1.318,0.023
MARTIN COUNTY,TX,218,4.192,0.031,1796,0.854,0.015,1338,0.817,0.024
MASON COUNTY,TX,71,5.071,0.008,1330,0.515,0.007,519,0.729,0.018
MATAGORDA COUNTY,TX,679,0.221,0.025,2845,0.2,0.014,1958,0.193,0.024
MAVERICK COUNTY,TX,129,1.466,0.011,1164,0.908,0.008,10154,0.264,0.015
MEDINA COUNTY,TX,366,0.399,0.02,6543,0.366,0.016,8099,0.455,0.023
MENARD COUNTY,TX,33,1.941,0.006,454,0.386,0.001,244,0.392,0.007
MIDLAND COUNTY,TX,675,0.097,0.054,5427,0.089,0.025,5287,0.124,0.039
MILAM COUNTY,TX,837,0.494,0.03,3985,0.307,0.017,1108,0.279,0.034
MILLS COUNTY,TX,98,7,0.03,1491,0.462,0.006,285,0.461,0.015
MITCHELL COUNTY,TX,328,0.361,0.037,2509,0.669,0.018,1236,0.443,0.028
MONTAGUE COUNTY,TX,678,15.089,0.048,6514,0.469,0.014,1103,0.864,0.031
MONTGOMERY COUNTY,TX,5698,0.35,0.043,34761,0.125,0.028,12265,0.166,0.028
MOORE COUNTY,TX,338,0.885,0.045,3630,0.572,0.035,2891,0.369,0.048
MORRIS COUNTY,TX,854,0.378,0.03,2631,0.378,0.016,310,0.455,0.041
MOTLEY COUNTY,TX,18,0.857,0.022,294,0.364,0.004,71,0.55,0.011
NACOGDOCHES COUNTY,TX,2309,0.258,0.018,8450,0.255,0.006,1833,0.239,0.019
NAVARRO COUNTY,TX,1977,0.401,0.056,5219,0.224,0.022,1915,0.249,0.051
NEWTON COUNTY,TX,690,0.3,0.014,3862,0.449,0.005,186,0.577,0.008
NOLAN COUNTY,TX,753,1.579,0.064,5406,0.749,0.023,2210,0.596,0.044
NUECES COUNTY,TX,488,0.048,0.012,4597,0.049,0.005,8623,0.054,0.009
OCHILTREE COUNTY,TX,18,0.643,0.022,1320,0.329,0.004,752,0.219,0.005
OLDHAM COUNTY,TX,586,15.838,0.119,3231,2.479,0.034,1153,5.736,0.068
ORANGE COUNTY,TX,1672,0.318,0.024,10400,0.191,0.012,1100,0.301,0.018
PALO PINTO COUNTY,TX,640,1.425,0.04,6181,0.353,0.014,1732,0.491,0.026
PANOLA COUNTY,TX,1519,0.514,0.017,5200,0.367,0.007,717,0.565,0.016
PARKER COUNTY,TX,1089,0.767,0.031,21455,0.26,0.014,3658,0.404,0.024
PARMER COUNTY,TX,71,0.899,0.017,1024,0.338,0.007,1279,0.305,0.021
PECOS COUNTY,TX,607,1.126,0.041,3883,1.057,0.011,5443,0.693,0.013
POLK COUNTY,TX,1397,0.334,0.029,5503,0.199,0.015,1098,0.232,0.023
POTTER COUNTY,TX,635,0.071,0.048,6193,0.131,0.014,2468,0.082,0.027
PRESIDIO COUNTY,TX,34,1.214,0.018,1161,1.306,0.005,4302,0.948,0.006
RAINS COUNTY,TX,101,0.433,0.02,2595,0.324,0.008,206,0.351,0.012
RANDALL COUNTY,TX,438,0.179,0.016,10879,0.141,0.005,3132,0.191,0.011
REAGAN COUNTY,TX,70,1.148,0.006,887,0.913,0.003,744,0.471,0.005
REAL COUNTY,TX,11,0.55,0,618,0.301,0.011,227,0.332,0.015
RED RIVER COUNTY,TX,466,0.272,0.027,2639,0.341,0.016,184,0.307,0.017
REEVES COUNTY,TX,174,0.27,0.013,1085,0.451,0.011,1862,0.229,0.02
REFUGIO COUNTY,TX,336,0.966,0.048,1959,0.731,0.016,2780,1.049,0.045
ROBERTSON COUNTY,TX,797,0.312,0.034,3296,0.411,0.016,739,0.344,0.034
ROCKWALL COUNTY,TX,617,0.168,0.036,2962,0.061,0.015,888,0.094,0.021
RUNNELS COUNTY,TX,91,0.595,0.026,1549,0.282,0.01,533,0.217,0.02
RUSK COUNTY,TX,2361,0.313,0.027,7769,0.272,0.015,1539,0.278,0.029
SABINE COUNTY,TX,297,0.496,0.003,1980,0.257,0.005,95,0.378,0.004
SAN AUGUSTINE COUNTY,TX,281,0.182,0.014,1107,0.217,0.009,83,0.231,0.012
SAN JACINTO COUNTY,TX,1946,0.898,0.021,7951,0.473,0.005,1358,0.635,0.011
SAN PATRICIO COUNTY,TX,565,0.732,0.009,5625,0.255,0.004,7934,0.302,0.01
SAN SABA COUNTY,TX,31,0.186,0.039,661,0.197,0.024,168,0.135,0.039
SCHLEICHER COUNTY,TX,29,1.261,0.007,493,0.416,0.006,457,0.396,0.009
SCURRY COUNTY,TX,338,0.493,0.044,3539,0.449,0.029,1352,0.297,0.058
SHACKELFORD COUNTY,TX,46,3.538,0.013,1438,0.615,0.006,222,0.864,0.01
SHELBY COUNTY,TX,1402,0.422,0.024,4634,0.351,0.012,909,0.327,0.029
SHERMAN COUNTY,TX,95,5,0.023,1093,0.779,0.006,607,0.717,0.02
SMITH COUNTY,TX,6482,0.222,0.039,19420,0.177,0.018,3874,0.151,0.036
SOMERVELL COUNTY,TX,75,1.744,0.013,2662,0.485,0.004,412,0.36,0.01
STARR COUNTY,TX,179,4.838,0.039,2006,1.141,0.017,39585,0.939,0.02
STEPHENS COUNTY,TX,44,0.247,0.014,1884,0.324,0.005,312,0.215,0.009
STERLING COUNTY,TX,66,5.5,0.018,846,1.387,0.01,476,1.46,0.018
STONEWALL COUNTY,TX,43,1.229,0.014,1144,1.208,0.004,237,1.58,0.006
SUTTON COUNTY,TX,425,53.125,0.014,2266,1.815,0.009,2668,1.497,0.009
SWISHER COUNTY,TX,188,0.425,0.013,2121,0.671,0.003,912,0.407,0.01
TARRANT COUNTY,TX,1178,0.006,0.027,4828,0.006,0.012,1467,0.004,0.028
TAYLOR COUNTY,TX,826,0.119,0.015,8871,0.122,0.007,2312,0.11,0.011
TERRELL COUNTY,TX,4,0.5,0.25,82,0.228,0.007,116,0.33,0.017
TERRY COUNTY,TX,137,0.299,0.057,1652,0.372,0.015,1414,0.305,0.028
THROCKMORTON COUNTY,TX,9,1.286,0.022,436,0.379,0.012,63,0.5,0.019
TITUS COUNTY,TX,1754,0.755,0.027,6819,0.536,0.012,1882,0.222,0.023
TOM GREEN COUNTY,TX,555,0.157,0.03,7745,0.144,0.015,3775,0.122,0.029
TRAVIS COUNTY,TX,2920,0.041,0.03,18209,0.038,0.012,8195,0.031,0.028
TRINITY COUNTY,TX,214,0.201,0.048,1421,0.146,0.025,127,0.149,0.024
TYLER COUNTY,TX,770,0.393,0.015,4644,0.328,0.01,333,0.25,0.014
UPSHUR COUNTY,TX,1152,0.429,0.018,7514,0.287,0.011,861,0.448,0.021
UPTON COUNTY,TX,46,1.07,0.009,631,0.521,0.009,591,0.471,0.016
UVALDE COUNTY,TX,82,0.752,0.024,2183,0.343,0.009,2870,0.212,0.019
VAL VERDE COUNTY,TX,107,0.22,0.015,1632,0.237,0.007,4059,0.143,0.016
VAN ZANDT COUNTY,TX,2632,2.353,0.056,10457,0.286,0.019,1584,0.468,0.048
VICTORIA COUNTY,TX,723,0.174,0.013,5103,0.146,0.007,5422,0.19,0.028
WALKER COUNTY,TX,3064,0.23,0.036,8455,0.241,0.015,2331,0.244,0.026
WALLER COUNTY,TX,2028,0.205,0.066,4345,0.265,0.038,2461,0.286,0.054
WARD COUNTY,TX,222,0.687,0.008,1602,0.408,0.007,2256,0.562,0.012
WASHINGTON COUNTY,TX,709,0.155,0.051,2697,0.142,0.031,763,0.235,0.056
WEBB COUNTY,TX,202,0.385,0.018,2264,0.299,0.01,21263,0.123,0.014
WHARTON COUNTY,TX,1027,0.241,0.03,2914,0.183,0.011,4175,0.376,0.046
WHEELER COUNTY,TX,206,2.226,0.036,2456,0.763,0.007,628,0.686,0.025
WICHITA COUNTY,TX,691,0.065,0.048,6720,0.092,0.021,1190,0.073,0.04
WILBARGER COUNTY,TX,512,0.652,0.02,4784,0.709,0.005,1258,0.503,0.011
WILLACY COUNTY,TX,181,0.476,0.041,1341,0.748,0.018,7888,0.539,0.045
WILLIAMSON COUNTY,TX,3101,0.144,0.022,18244,0.078,0.013,7106,0.093,0.023
WILSON COUNTY,TX,291,0.507,0.01,4423,0.206,0.007,3027,0.233,0.008
WINKLER COUNTY,TX,30,0.268,0,353,0.148,0.01,391,0.132,0.012
WISE COUNTY,TX,1243,2.066,0.038,17424,0.451,0.014,3526,0.482,0.025
WOOD COUNTY,TX,507,0.298,0.014,7612,0.251,0.007,668,0.252,0.011
YOAKUM COUNTY,TX,25,0.463,0.056,644,0.277,0.014,622,0.184,0.027
YOUNG COUNTY,TX,142,0.759,0.022,4708,0.395,0.011,611,0.294,0.016
ZAPATA COUNTY,TX,15,0.517,0.026,260,0.367,0.007,3279,0.356,0.013
ZAVALA COUNTY,TX,61,2.033,0.026,634,1.078,0.015,2403,0.296,0.026
ADDISON COUNTY,VT,63,0.243,0.048,4055,0.14,0.015,34,0.056,0
BENNINGTON COUNTY,VT,74,0.294,0.083,3972,0.137,0.014,36,0.079,0.011
CALEDONIA COUNTY,VT,35,0.259,0.006,2844,0.117,0.005,19,0.057,0
CHITTENDEN COUNTY,VT,125,0.051,0.03,4513,0.037,0.011,48,0.019,0.029
ESSEX COUNTY,VT,1,0.059,0,220,0.043,0.004,0,0,0
FRANKLIN COUNTY,VT,56,0.289,0.025,3520,0.096,0.011,19,0.043,0.011
GRAND ISLE COUNTY,VT,2,0.08,0.125,96,0.018,0.021,0,0,0
LAMOILLE COUNTY,VT,17,0.121,0.082,1646,0.085,0.027,7,0.026,0.027
ORANGE COUNTY,VT,80,0.762,0.028,4466,0.194,0.007,45,0.191,0.022
ORLEANS COUNTY,VT,15,0.111,0,1924,0.09,0.001,9,0.036,0.022
RUTLAND COUNTY,VT,77,0.318,0.06,4018,0.082,0.009,24,0.043,0
WASHINGTON COUNTY,VT,113,0.333,0.02,4521,0.097,0.01,49,0.059,0.02
WINDHAM COUNTY,VT,220,0.616,0.105,6413,0.186,0.017,124,0.185,0.081
WINDSOR COUNTY,VT,184,0.611,0.043,6377,0.142,0.009,71,0.123,0.059
ADAMS COUNTY,WA,465,11.625,0.039,9679,1.715,0.014,1383,0.195,0.031
ASOTIN COUNTY,WA,15,0.2,0.014,1892,0.113,0.007,40,0.081,0.015
BENTON COUNTY,WA,518,0.298,0.043,16031,0.148,0.017,5305,0.23,0.03
CHELAN COUNTY,WA,158,0.696,0.024,12801,0.295,0.014,2634,0.206,0.027
CLALLAM COUNTY,WA,172,0.316,0.028,11656,0.221,0.017,268,0.098,0.02
CLARK COUNTY,WA,1263,0.194,0.083,27781,0.097,0.038,2227,0.096,0.049
COLUMBIA COUNTY,WA,11,0.647,0,1335,0.442,0.003,54,0.298,0.004
COWLITZ COUNTY,WA,609,1.171,0.04,14426,0.202,0.021,1005,0.198,0.031
DOUGLAS COUNTY,WA,48,0.5,0.029,4186,0.192,0.012,1553,0.206,0.025
FERRY COUNTY,WA,2,0.071,0,710,0.143,0.01,4,0.018,0.05
FRANKLIN COUNTY,WA,142,0.103,0.021,4766,0.165,0.012,2142,0.078,0.025
GARFIELD COUNTY,WA,12,12,0.017,1542,0.89,0.005,57,0.864,0.007
GRANT COUNTY,WA,468,0.803,0.026,12211,0.294,0.015,3825,0.168,0.038
GRAYS HARBOR COUNTY,WA,362,0.497,0.027,13485,0.278,0.018,1087,0.262,0.023
ISLAND COUNTY,WA,319,0.212,0.034,6683,0.122,0.022,246,0.069,0.032
JEFFERSON COUNTY,WA,114,0.471,0.023,6682,0.28,0.013,164,0.22,0.016
KING COUNTY,WA,12357,0.125,0.048,88218,0.081,0.022,10727,0.082,0.044
KITSAP COUNTY,WA,1579,0.282,0.031,22146,0.133,0.018,1085,0.086,0.024
KITTITAS COUNTY,WA,938,2.587,0.037,19663,0.648,0.017,2424,0.998,0.033
KLICKITAT COUNTY,WA,46,0.836,0.031,4727,0.326,0.011,643,0.399,0.021
LEWIS COUNTY,WA,575,1.596,0.049,19615,0.368,0.016,1363,0.312,0.025
LINCOLN COUNTY,WA,69,3.45,0.061,2848,0.363,0.014,180,0.857,0.033
MASON COUNTY,WA,162,0.264,0.049,9291,0.217,0.039,631,0.187,0.062
OKANOGAN COUNTY,WA,81,0.533,0.044,6602,0.279,0.021,1360,0.282,0.039
PACIFIC COUNTY,WA,90,0.989,0.029,8625,0.571,0.015,322,0.279,0.026
PEND OREILLE COUNTY,WA,22,0.431,0.063,1581,0.163,0.026,31,0.104,0.026
PIERCE COUNTY,WA,8322,0.193,0.046,58077,0.125,0.025,5382,0.103,0.042
SKAGIT COUNTY,WA,492,0.875,0.039,16730,0.219,0.025,1906,0.146,0.069
SKAMANIA COUNTY,WA,14,0.359,0,1947,0.234,0.011,131,0.319,0.008
SNOHOMISH COUNTY,WA,3306,0.209,0.053,66954,0.15,0.03,5259,0.115,0.054
SPOKANE COUNTY,WA,937,0.144,0.064,31989,0.095,0.028,803,0.049,0.049
STEVENS COUNTY,WA,68,0.447,0.026,10074,0.322,0.013,120,0.132,0.032
THURSTON COUNTY,WA,1407,0.229,0.043,21536,0.128,0.022,1537,0.109,0.036
WAHKIAKUM COUNTY,WA,12,2,0,1157,0.366,0.021,30,0.337,0.046
WALLA WALLA COUNTY,WA,160,0.17,0.006,8482,0.23,0.004,1922,0.235,0.01
WHATCOM COUNTY,WA,424,0.263,0.036,14582,0.104,0.02,912,0.076,0.047
WHITMAN COUNTY,WA,282,0.353,0.008,9934,0.309,0.006,268,0.136,0.008
YAKIMA COUNTY,WA,540,0.37,0.035,19010,0.201,0.016,12750,0.172,0.035
ADAMS COUNTY,WI,2,0.003,0,123,0.008,0.024,4,0.006,0
ASHLAND COUNTY,WI,6,0.128,0.065,542,0.05,0.007,4,0.02,0.05
BARRON COUNTY,WI,24,0.069,0.041,1733,0.049,0.018,26,0.041,0.098
BAYFIELD COUNTY,WI,9,0.22,0,1016,0.091,0.003,6,0.044,0
BROWN COUNTY,WI,130,0.032,0.031,2909,0.017,0.019,154,0.013,0.048
BUFFALO COUNTY,WI,14,0.538,0.014,1430,0.136,0.001,20,0.118,0.01
BURNETT COUNTY,WI,9,0.161,0.067,883,0.074,0.014,5,0.037,0.074
CALUMET COUNTY,WI,4,0.023,0,163,0.005,0.011,7,0.006,0
CHIPPEWA COUNTY,WI,44,0.052,0.041,3077,0.064,0.004,36,0.058,0.016
CLARK COUNTY,WI,14,0.187,0,937,0.039,0.003,18,0.022,0.033
COLUMBIA COUNTY,WI,368,0.557,0.094,4107,0.096,0.027,246,0.239,0.067
CRAWFORD COUNTY,WI,15,0.056,0.055,1337,0.104,0.005,9,0.07,0.022
DANE COUNTY,WI,1077,0.059,0.056,8141,0.024,0.014,589,0.029,0.026
DODGE COUNTY,WI,105,0.045,0.044,2849,0.043,0.006,110,0.045,0.022
DOOR COUNTY,WI,4,0.033,0,386,0.017,0.006,10,0.021,0
DOUGLAS COUNTY,WI,62,0.173,0.016,3411,0.102,0.005,30,0.08,0.007
DUNN COUNTY,WI,470,2.176,0.056,5034,0.148,0.018,189,0.377,0.031
EAU CLAIRE COUNTY,WI,457,0.711,0.042,5694,0.075,0.01,187,0.132,0.013
FOND DU LAC COUNTY,WI,304,0.302,0.035,4110,0.054,0.006,178,0.059,0.015
FOREST COUNTY,WI,2,0.03,0,405,0.064,0.039,4,0.042,0.056
GRANT COUNTY,WI,48,0.092,0.058,2710,0.068,0.009,32,0.067,0.037
GREEN COUNTY,WI,38,0.306,0.011,1457,0.051,0.003,40,0.06,0
GREEN LAKE COUNTY,WI,5,0.066,0.087,272,0.019,0.007,8,0.015,0
IOWA COUNTY,WI,37,0.569,0.033,1669,0.091,0.008,24,0.1,0.042
IRON COUNTY,WI,2,0.333,0,425,0.086,0.003,4,0.129,0.048
JACKSON COUNTY,WI,396,1.031,0.043,4391,0.301,0.013,185,0.47,0.033
JEFFERSON COUNTY,WI,624,1.261,0.027,4674,0.075,0.009,303,0.084,0.025
JUNEAU COUNTY,WI,386,0.719,0.007,3714,0.185,0.002,155,0.307,0
KENOSHA COUNTY,WI,814,0.103,0.053,4109,0.039,0.016,593,0.045,0.035
KEWAUNEE COUNTY,WI,2,0.035,0.111,151,0.009,0.012,3,0.01,0
LA CROSSE COUNTY,WI,199,0.172,0.063,3892,0.044,0.019,117,0.088,0.024
LAFAYETTE COUNTY,WI,21,0.656,0.029,895,0.071,0.006,23,0.061,0.027
LANGLADE COUNTY,WI,1,0.011,0,332,0.021,0.013,6,0.03,0
LINCOLN COUNTY,WI,7,0.045,0.088,998,0.044,0.023,7,0.029,0.027
MANITOWOC COUNTY,WI,158,0.491,0.025,2543,0.041,0.003,113,0.069,0.009
MARATHON COUNTY,WI,72,0.118,0.05,4193,0.043,0.01,79,0.039,0.03
MARINETTE COUNTY,WI,6,0.058,0,638,0.019,0.013,11,0.027,0.019
MARQUETTE COUNTY,WI,32,0.571,0.051,1475,0.123,0.02,35,0.124,0.04
MILWAUKEE COUNTY,WI,407,0.002,0.073,946,0.002,0.021,171,0.002,0.049
MONROE COUNTY,WI,463,1.092,0.029,6260,0.191,0.008,231,0.228,0.022
OCONTO COUNTY,WI,20,0.29,0.01,2011,0.068,0.014,26,0.07,0.038
ONEIDA COUNTY,WI,11,0.087,0.161,1738,0.06,0.047,15,0.049,0.091
OUTAGAMIE COUNTY,WI,67,0.049,0.051,2223,0.017,0.015,91,0.02,0.062
OZAUKEE COUNTY,WI,224,0.235,0.014,1732,0.026,0.003,126,0.085,0.024
PEPIN COUNTY,WI,2,0.125,0,223,0.038,0.003,3,0.049,0
PIERCE COUNTY,WI,6,0.034,0,448,0.014,0.003,3,0.006,0
POLK COUNTY,WI,16,0.17,0.088,1248,0.037,0.023,18,0.037,0.045
PORTAGE COUNTY,WI,53,0.163,0.072,2837,0.053,0.028,105,0.08,0.057
PRICE COUNTY,WI,2,0.057,0,432,0.038,0.013,2,0.016,0
RACINE COUNTY,WI,831,0.053,0.043,3373,0.028,0.009,492,0.032,0.03
RICHLAND COUNTY,WI,8,0.118,0.073,713,0.052,0.014,13,0.056,0.016
ROCK COUNTY,WI,598,0.108,0.086,3952,0.036,0.022,371,0.047,0.036
RUSK COUNTY,WI,6,0.174,0,959,0.106,0.006,7,0.062,0
ST. CROIX COUNTY,WI,389,0.933,0.069,5130,0.081,0.014,192,0.161,0.022
SAUK COUNTY,WI,250,0.94,0.049,3325,0.071,0.014,200,0.111,0.037
SAWYER COUNTY,WI,1,0.015,0,582,0.053,0.009,4,0.021,0
SHAWANO COUNTY,WI,32,0.33,0.019,2712,0.09,0.002,51,0.083,0
SHEBOYGAN COUNTY,WI,83,0.06,0.087,1219,0.015,0.03,75,0.018,0.051
TAYLOR COUNTY,WI,1,0.026,0,343,0.022,0.001,5,0.024,0
TREMPEALEAU COUNTY,WI,177,2.855,0.056,2568,0.118,0.011,140,0.132,0.017
VERNON COUNTY,WI,4,0.051,0,262,0.012,0.008,3,0.011,0
VILAS COUNTY,WI,7,0.219,0,1137,0.07,0.001,6,0.027,0
WALWORTH COUNTY,WI,129,0.162,0.02,1668,0.023,0.006,113,0.016,0.016
WASHBURN COUNTY,WI,9,0.29,0.047,976,0.079,0.009,7,0.045,0
WASHINGTON COUNTY,WI,67,0.075,0.021,944,0.009,0.007,42,0.018,0
WAUKESHA COUNTY,WI,434,0.114,0.034,2839,0.01,0.011,256,0.022,0.033
WAUPACA COUNTY,WI,18,0.148,0.011,1632,0.04,0.004,33,0.036,0.012
WAUSHARA COUNTY,WI,47,0.105,0.034,1326,0.071,0.032,60,0.067,0.08
WINNEBAGO COUNTY,WI,178,0.073,0.032,4404,0.035,0.008,161,0.041,0.014
WOOD COUNTY,WI,16,0.053,0.244,1157,0.02,0.033,27,0.024,0.036
